{
  "_format": "hh-sol-cache-2",
  "files": {
    "C:\\Users\\Abo-s\\OneDrive\\Desktop\\MASTER\\Blockchain 3 New\\Project\\Quantum Consensus\\Backend\\contracts\\GameFactory.sol": {
      "lastModificationDate": 1747861894771,
      "contentHash": "8023e2666e88630b474e65acc93a2393",
      "sourceName": "contracts/GameFactory.sol",
      "solcConfig": {
        "version": "0.8.28",
        "settings": {
          "optimizer": {
            "enabled": true,
            "runs": 100
          },
          "viaIR": true,
          "evmVersion": "paris",
          "outputSelection": {
            "*": {
              "*": [
                "abi",
                "evm.bytecode",
                "evm.deployedBytecode",
                "evm.methodIdentifiers",
                "metadata"
              ],
              "": [
                "ast"
              ]
            }
          }
        }
      },
      "imports": [
        "@openzeppelin/contracts/access/Ownable.sol",
        "./TwoThirdsAverageGame.sol"
      ],
      "versionPragmas": [
        "^0.8.20"
      ],
      "artifacts": [
        "GameFactory"
      ]
    },
    "C:\\Users\\Abo-s\\OneDrive\\Desktop\\MASTER\\Blockchain 3 New\\Project\\Quantum Consensus\\Backend\\contracts\\TwoThirdsAverageGame.sol": {
      "lastModificationDate": 1746696204532,
      "contentHash": "3c3a81b4e1827b6ed6b9364282616e96",
      "sourceName": "contracts/TwoThirdsAverageGame.sol",
      "solcConfig": {
        "version": "0.8.28",
        "settings": {
          "optimizer": {
            "enabled": true,
            "runs": 100
          },
          "viaIR": true,
          "evmVersion": "paris",
          "outputSelection": {
            "*": {
              "*": [
                "abi",
                "evm.bytecode",
                "evm.deployedBytecode",
                "evm.methodIdentifiers",
                "metadata"
              ],
              "": [
                "ast"
              ]
            }
          }
        }
      },
      "imports": [
        "@openzeppelin/contracts/access/Ownable.sol",
        "@openzeppelin/contracts/security/ReentrancyGuard.sol"
      ],
      "versionPragmas": [
        "^0.8.20"
      ],
      "artifacts": [
        "TwoThirdsAverageGame"
      ]
    },
    "C:\\Users\\Abo-s\\OneDrive\\Desktop\\MASTER\\Blockchain 3 New\\Project\\Quantum Consensus\\Backend\\node_modules\\@openzeppelin\\contracts\\access\\Ownable.sol": {
      "lastModificationDate": 1747824899278,
      "contentHash": "5a20b2cad87ddb61c7a3a6af21289e28",
      "sourceName": "@openzeppelin/contracts/access/Ownable.sol",
      "solcConfig": {
        "version": "0.8.28",
        "settings": {
          "optimizer": {
            "enabled": true,
            "runs": 100
          },
          "viaIR": true,
          "evmVersion": "paris",
          "outputSelection": {
            "*": {
              "*": [
                "abi",
                "evm.bytecode",
                "evm.deployedBytecode",
                "evm.methodIdentifiers",
                "metadata"
              ],
              "": [
                "ast"
              ]
            }
          }
        }
      },
      "imports": [
        "../utils/Context.sol"
      ],
      "versionPragmas": [
        "^0.8.0"
      ],
      "artifacts": [
        "Ownable"
      ]
    },
    "C:\\Users\\Abo-s\\OneDrive\\Desktop\\MASTER\\Blockchain 3 New\\Project\\Quantum Consensus\\Backend\\node_modules\\@openzeppelin\\contracts\\security\\ReentrancyGuard.sol": {
      "lastModificationDate": 1747824899332,
      "contentHash": "1535f8c0c68463f8c1b5239f7584e71f",
      "sourceName": "@openzeppelin/contracts/security/ReentrancyGuard.sol",
      "solcConfig": {
        "version": "0.8.28",
        "settings": {
          "optimizer": {
            "enabled": true,
            "runs": 100
          },
          "viaIR": true,
          "evmVersion": "paris",
          "outputSelection": {
            "*": {
              "*": [
                "abi",
                "evm.bytecode",
                "evm.deployedBytecode",
                "evm.methodIdentifiers",
                "metadata"
              ],
              "": [
                "ast"
              ]
            }
          }
        }
      },
      "imports": [],
      "versionPragmas": [
        "^0.8.0"
      ],
      "artifacts": [
        "ReentrancyGuard"
      ]
    },
    "C:\\Users\\Abo-s\\OneDrive\\Desktop\\MASTER\\Blockchain 3 New\\Project\\Quantum Consensus\\Backend\\node_modules\\@openzeppelin\\contracts\\utils\\Context.sol": {
      "lastModificationDate": 1747824898715,
      "contentHash": "f07feb4a44b1a4872370da5aa70e8e46",
      "sourceName": "@openzeppelin/contracts/utils/Context.sol",
      "solcConfig": {
        "version": "0.8.28",
        "settings": {
          "optimizer": {
            "enabled": true,
            "runs": 100
          },
          "viaIR": true,
          "evmVersion": "paris",
          "outputSelection": {
            "*": {
              "*": [
                "abi",
                "evm.bytecode",
                "evm.deployedBytecode",
                "evm.methodIdentifiers",
                "metadata"
              ],
              "": [
                "ast"
              ]
            }
          }
        }
      },
      "imports": [],
      "versionPragmas": [
        "^0.8.0"
      ],
      "artifacts": [
        "Context"
      ]
    }
  }
}
